num,aa_weight,background_loss,total_loss,TM_score_proxy,motif_loss,sequence,motifweight,motifmode,
0,1,-1.75328731536865,2.68800591416253,0.818785589214758,3.69620418548584,KTVRMVFRAKSSPQMRHDISHFQLGDWNWLNNEPNGLAVGFVKLEIKQATADSEDPDVLTVTVKIESHWEEAIKYDPEKPVHINFMETYIYWNVGPNDQGSHEITWQIVETDGGKLKVFFYVLVRSPNGEREWVPFKAKLS,1.17073900705519,0,141
1,1,-2.15902471542358,2.53684609617195,0.810268873856826,2.48171496391296,NWRTIQWNWLMGIDDEMSMIFRAFSQTEWGQGTAYVSIFDNNTVYETRFKGHWKGDKGYPKQRSAEVTIRLDREDYVFMVHIQYAGYDNVAANWQPKYEGKIIHDIHHWPWPREGGPRAVYYYFTIPKENKHEISVKFTEWQDFDGHLNAFEVYIMLERNGTATHLLTMSVRVEPP,1.83098715819782,0,176
2,1,-1.94276082515717,-0.344803110798217,0.701676927177781,1.31389737129211,PRWNWLDPMFDSIIKTAREIVTKKGKVTVTLQMRFWFHRQDKNFIQSLKAYLETLLHWAANGSYDTVTIIGIVHINRFEHYDRSKEDRGSPEDRRPPKMPKGLDSQWHDQMHDAMYAISAMQQEIAAAGVSDADPRNIKISFIGIGHMSFWPYRQDQSQSEDPGNTRATQNGKRPQYHFGFHLYVNVNINAQDPHHMSGAEWVVASRVIQILKAFWQMVENMYDNYFGRKNGKHEDIHFFYTLEITYKG,1.13025254182422,1,249
3,1,-2.50926446914673,0.525288715211018,0.821913699987458,1.85414242744446,METLVITMHLNRREQYDKLARALVKLLPSTTVTIREIWMFQPPDAYGNVKPNSQGANTWQRSDKTNHWDAQEGYDKDRMVPMAFFRVTFKGPNVKIELNFYPTSKGYWVVITIRTKPGRRETMRSIAQAFEDVLASAMGKFPSFSPHDILHGPTPDGEWHVMIILQVKSPAALHKFLDRLTRAIEQVGYEETWGWNWLEISRVRK,1.58727575757597,1,205
4,1,-2.35669374465942,-0.43853434759329,0.732772961258888,1.72575891017914,MPKQVIVLKMNIHMYRNDEAGQGASQHLIRKYFRRAWNWLKAMVAHPGRKQITMTINMVFTHKDDGSWKPVYWQAYIVFRAKEDQIHALSIDYHFHDNFMEPYNDFVKTHPSGFHDPGHFFSIKVELAIDPGFVIRMSFRWKNFSNWHWSVELQYSNDQVAIRTEWHPRDGGMGRLSYTMLLQPGQVMLLYFNVGMNKQGYYYMNVTISIEVVNRRDLLTVELHFMSP,1.03092689887379,0,228
5,1,-0.444997996091843,8.27121998039886,0.49348671153972,7.87533855438232,LHWKDEAGYEPGDRKTLYMNVFRNKQRKKWNWLDGAFIPPIMLFATKLVAVDTHDFAHGVWQTSEEWGAGTEDSGQIHMNSSEKYLYVRITVERR,1.08947807055581,1,95
,,,,,,,,,
7,1,-2.32729339599609,1.62773262918161,0.745466452240944,1.95211589336395,PVILQAYIHVPGVGHWSLINDYINALFKVRNYEVVKVEVYLNVTNNEQPMTKPWNWLGDKPWMNRVEMAFRSLGDVKFAISYGHDWGHYPGREGGHMMMTWQVFVDGGKIGPFTFEMEWPHNGYTIRLELTYEDTPTDNRNVVIQMTMHFNISEMYGHDFQYHVRITLVFRNDDITRARKFLRKLKFILQEYMQDFFKAP,1.95501481985586,2,200
8,1,-1.71615982055664,0.006088444416603,0.557085545348727,1.45141327381134,MKPASPHYAWNWLKPWLRPGPKVITMLFAGSETSYWQDQHVNSSEFYQTWREHFNAVEDVLQQFLNHRDFQKIKLFFVFEHDPDHGNSGSWMVHYEVTVSESYQDVDGKDTQQTQYRIHIISAWGPNNDTKEHWTRMPHLASRLRDELDENNFKINVTEEWHLPSYQNVNPNKQSSRATDNMGNQIDRLFEGKKNVFMIFLGKPKWGQKDQHSHWFNNTRYMTRHMERWLYPVVNALKRYVG,1.07588097457322,0,242
9,1,-0.524481534957886,8.54318867849023,0.447763293429657,5.86971092224121,PSKSWNWLPKAGMMVRYFNVAGNVQLLEKSEIQSWQANPGKRIVLSKHDFFHTMSVHWPNKGRYDSGATATIEDEKPAGDDEMIFRELKVEWDQMPFHINLAELYFLP,1.52495385439231,0,108
,,,,,,,,,
11,1,-2.3718273639679,-0.333788237328233,0.771578752994537,1.71055269241333,MSQKAVLITLSIPFSWQPDHFKHRQTFYKNVLRNFQSVVERLWDQDDKTVYIFMPERGWQYLMHKVAKLGIPIKKLDAGHNNDSEIYIKDENATLVFVSSYDHHGDPEDTSRSLQAVTNDAKKMRFVIWFGSVGGWNWLKGTAENHQWEVIKTPAMNQHDVVHEAKESKTDAIILEVNYMGHWFPHKPYEKDGGNPKDEWFHNVATYAFRYVLEMAARHKDTQILIMIEP,1.12438404249437,2,230
12,1,-1.90979433059692,2.36460610988366,0.667212968762917,3.18062210083008,MKLTSISWQAQVSGEKMKIEVTYFNVFDNNQLAKRVVKALHNALGHINILEQYEHPEDREQDGPPGQTMAFKEIDKGSKNWNWLSKRYVRVRMTIPLGKVEVRYAHDDHHVKLHWNLKSNYLERYIDEAMEWVLKAIQKVMGFPDHTIVLQAKVTIYK,1.31360978524931,2,158
,,,,,,,,,
,,,,,,,,,
15,1,-0.479331821203232,6.1809258789839,0.391424695557018,6.1788387298584,APMIFEGGAVYFNVSSNKQPKGAFEHTNSGEAYVLDNSGKLRLGRNHDLQHVLRWQKDSLTHWDKTNRYPETVNIYFWNWLPGGTIMTIRTEWDVKVEDAVPIVEV,1.0584580162006,1,106
16,1,-2.3702449798584,-0.322559071344613,0.779485592125777,1.68474102020264,MKTRIKIIVDFSFEVDHSNEQEGYYVSMIFVLKIEAGEQVLIEMWNWLDTGGSTDNYTSMMMHFASAISHVLKRKGLEVHWIAESYYPRQPWSDWQNDADYFEDILDSILDSLEQAIAAGLETVDISFTITNNHYENVASNAQTFAKTLQGRVTEIWFMGRDHYLLVFRKKDGAYVIVQFFFTPKMVSNRKHDESHASGNTYTMKFKIYIAKPGDVEIEWVSP,1.14144748514934,1,223
17,1,-1.99593007564545,0.013046489746302,0.7250532750356,1.57719421386719,GRSVILMTLSFGTNDKDEWNYWTGYHANMIEKYKGAKVLFIIYTKGWSFKPHDMLHTKAQDLAILHWPRNTEYMVQLFQEQGLEFVELKPSQQDEYLLDRYKEDNVDVMIFVMSESNIDKQHNMNFWRNAETMVAKSGAKVVTYDPYENVDWNMQEFYAQTGANYWQPSSVEDIYESWNWLIDMAVAKSPEGAVIVLYGEPHLINQVLRRISNTGIKYHIIDYRGRDYKNFKKAFP,1.2037624243631,2,236
18,1,-1.78496050834656,3.80912732592081,0.77418659203244,3.86159157752991,AEPYVIAITLRAEWPNDPDAFRSHLNLVESYFEKHADGIIHDGLHSAHWNSRPKYPGRVKVKIQVAEDGSETMTIELDPGKFRMQFPSDGKEVRFYPNVYTNKQNDQIMFMVTFWQPKEIVWNWLTNRLPGVQMTAV,1.42102657310344,2,137
19,1,-0.803664922714233,8.4217092784902,0.561734037507664,5.7233829498291,KEIKMTFRLRREWKGNKGLTHVNFFEPYQGKSIMQDAHDVYHVDHWRENPDYSSIEVKMRADEDPVETPEGKMIFDREFLYYVNVAGNTQEVRWQSAQGWNWLAAVHQIP,1.59175740170901,2,110
20,1,-2.04519248008728,1.72537464006361,0.718913056523667,1.99051749706268,KVVIFFEHDVVHGGHHWEGPDGYQNFFTEMISAMGQLLLQNGSKVAVLVYSESFVEWLTLAGGPIKVVAIRPEEDENWLRDLDSRGVTELHMRFGPKKSEDLMKSILKEVQEYKKEGLDVILLINMHANANETYNTLAKSFDTVIEVRYSNVSQNTQASDRRPNRPHMRQLWNWLHYPMEILEEAGLTFIFWQYDRF,1.84532303006677,0,197
21,1,-2.17298579216003,1.14763983343973,0.792133521638522,2.48547863960266,QITLTIVFWNWLGGDHFSKLMFADDHDIIHIGLHANAGEHYMELVPEGVPYVNVGFNSQDSFSRAGEWSPGTMQNYMKDVIEDVLEFLQQHVRQGPKYGYKIEIQIIVMGKGIFNFFKEIAEYWEKSGIDANWQVRVTNSQYTWFEIELHWPDAQVYQSLFKIAMPFPDFSHMMVIFRLKP,1.27328901275919,0,181
22,1,-2.59461569786072,0.544832544243653,0.832384740493514,1.71781039237976,KPIIMTKSITMYGHDGWHMNTVKIHAVTNSKQAAILVLRITFTNQNPENMQQTQDRMASYFWNWLEDYGAKGLRPVTMFPWQDSDTHRYWIVYKNVFPNQQQSKIDSVLRFMRKFLSKMDMPRGDRFKITIRVHWVVRSDYDGSKAKYRKIFEHLAEAGMVEDTEKIHYNPFEMYEGLKALLKAIVEWPPEGVIIWRIEMTFTPGPGRQMEFHLLIVMPW,1.760394067179,1,220
23,1,-2.32546019554138,1.11899804181274,0.686944859328671,1.7252242565155,MPRGVRTLTYSLKVEWPDRGDGGDEAYHAIHSNIREWYYKLIKPGSHDIIHKIRLEHWAPHDQYNPSEDFNEALMQSLSSFLTEVAHEKGFSISEDVPAQTSGDSWTVKMKFTIAPKNKDRAPAPIKTVHIYFNVGRNNQGDYEIWFHHRKRSPPGGWQKATFTLIIKKPKPWNWLSILERVVQRIYAKLRAVYGNKYRLVGVEIKSMELVTRP,1.94388212309011,2,214
24,1,-2.16824984550476,0.303167719454265,0.737580064840095,1.84175419807434,GSKVFIFIIWPGGRNYKNVLQNMQRVPDIKRIKTITGTEWFKAGNKPVLVVVIKMSSWSAHDGGHSRKSRAKKGWRMWNWLQRARDMPSGQKIIIFIKVHGGPPHMGQLADQIMKEANMPVRAYHMDWDDLAADPHWKASEEYAEWFMVWQNKNVLVLHYNHYESYSRFSSMLAEDGFEQKGYTTYTMHFSQNDRNQMVAHAIEFAVATLVKRGP,1.27917135371656,1,215
25,1,-2.27667236328125,0.732499665186994,0.749610551216635,1.67267680168152,PEWVMIIHSNHYEMYTFKLDEVIIIHIMGSKHYPGVGHDMSHAYWHWATEQDYPVLVAMVSNPNGAGHWKRERYTDMAKEEGVHIIKLDGEDTHSPSRMEEKMKQMQSWIKNAVKAAKNQEGVVIVVMAFPRDPFFRTIVSLAREFKKTGFQQVTFYINVFGNKQTYTPVWQFNMQFILRQVRKTGLELEVYKWNWLSDESYMRYAKTTVRRLIKRY,1.73298053161222,2,217
26,1,-2.29785108566284,0.715762397946221,0.805447608062199,2.55130195617676,MNKLKLESVHWSRQDPYHDPGDMVKVDTMRFTIKKGDYIILQFIVKGHAGTTHDTDHFALEWVNDGVEWLHFNSAERYHKKDEDIGMANILLRPTKGDQRLEIKFYFRTNPYNAGFYVNVLENPQQSVHFRWQNETRPGGVGMSFQLTLEVKGVLIAWNWLPNKGAVHAMFVIRT,1.14481030448369,1,175
27,1,-1.99035286903381,2.0926443177093,0.696500096632087,2.28921365737915,MMRKNGYQTIVVIEWEGGLKGFEHWPGIDDYKQALAAVRSERKIILAITVTRWPMSFRPPSDKMLDVVLEQAWNWLGRQTKPGTQIVIADPKGEDDKAPRAVKEKLQKHGYEVERDGNKDGPYLNVFANKQTDIFIIVSFRDWQGSASTQAMHYAQENGMQKTMIPGAHDEIHSIFHVNIHELY,1.74744040614417,0,184
28,1,-2.18468475341797,1.93932901195346,0.845195202565775,2.83933401107788,MHRNIMEAYAWQGRLYYNVRHNGQREVSIVMVVEDDSKLPLKQYLKWVHDAIHKENSWNWLTGHQFTITEIEMIDGKEFTVTGHWHNKNNYNPSSRGAPFQFKMTIFMLFPQQVVLFTAEWTTPKRNQEGAPLHMSIEFKYTLVDTKDGYMIIVIKIEYTVRSN,1.39914150245272,0,164
29,1,-0.257621675729752,8.19726461163168,0.200790087089819,6.59573030471802,AYVNVARNGQLREHWTDQGNYPKTSINVEWNWLYRPLQYSAEWNTGGHINIREVYVEEDLNLFDKNTGVIFHDMGHVPVWQAGQSLMPFIDEKMTYTISLQG,1.24813465556064,2,102
30,1,-2.42130780220032,-0.684537041846894,0.761646958891414,1.54920101165771,PSHVAIFISFSVPRYPNVAQNKQPGHNHWKPDRMYDLANFLVRLVAKELKQRGQRVRIFIYRATPSWPWNWLTGKKPRNGAYDPYHMMQEWRAHIQQDLHRAGVNVRIVDMHHTNTKEDYTNKEGAMSARDVGNTLMKMGQALKEDMDKGETKILVGVHHDGTHMGWRMWQHFHEDFDVVVVLNVNESQLMIFKKYGYKFAMVKFKTGPNPWHAIQTVAAYILQLIRAYVKAR,1.03971764842241,2,233
